participant.id_in_session,participant.code,participant.label,participant._is_bot,participant._index_in_pages,participant._max_page_index,participant._current_app_name,participant._current_page_name,participant.time_started_utc,participant.visited,participant.mturk_worker_id,participant.mturk_assignment_id,participant.payoff,participant.treatment,participant.start_time,participant.end_time,participant.finished,participant.browser,participant.attention_check,participant.cq_1_mistakes,participant.cq_2_mistakes,participant.attempts_training,participant.attempts_work_1,participant.attempts_work_2,participant.attempts_work_3,participant.which_belief,participant.beliefs1,participant.beliefs2,participant.beliefs3,participant.beliefs1_3,participant.beliefs1_2,participant.beliefs2_3,participant.beliefs4,participant.belief_bonus,participant.feedback,participant.feedback_difficulty,participant.feedback_understanding,participant.feedback_satisfied,participant.feedback_pay,session.code,session.label,session.mturk_HITId,session.mturk_HITGroupId,session.comment,session.is_demo,session.config.participation_fee,session.config.real_world_currency_per_point,session.config.development,session.config.name,session.prolific_completion_url,otfe.1.player.id_in_group,otfe.1.player.role,otfe.1.player.payoff,otfe.1.player.data_dummy,otfe.1.player.beliefs1,otfe.1.player.beliefs2,otfe.1.player.beliefs3,otfe.1.player.beliefs4,otfe.1.player.beliefs1_2,otfe.1.player.beliefs1_3,otfe.1.player.beliefs2_3,otfe.1.player.cq_1,otfe.1.player.cq_2,otfe.1.player.cq_3,otfe.1.player.survey_student_loans,otfe.1.player.survey_pandemic,otfe.1.player.survey_wealth_tax_savings,otfe.1.player.survey_wealth_tax_consumption,otfe.1.player.survey_wealth_tax_personal_savings,otfe.1.player.survey_wealth_tax_personal_consumption,otfe.1.player.survey_repatriation,otfe.1.player.survey_one_time_policies,otfe.1.player.survey_tax_rates_1,otfe.1.player.survey_tax_rates_2,otfe.1.player.survey_tax_rates_3,otfe.1.player.survey_tax_rates_4,otfe.1.player.survey_tax_rates_5,otfe.1.player.feedback,otfe.1.player.feedback_difficulty,otfe.1.player.feedback_understanding,otfe.1.player.feedback_satisfied,otfe.1.player.feedback_pay,otfe.1.group.id_in_subsession,otfe.1.subsession.round_number
1,qjaigqb5,,0,21,29,otfe,EndOfWork3,2025-02-08 23:40:37.070381,1,,,0.0,T2-T,1739058040.4975326,,,Safari 18,,0,0,"{""correctAttempts"":0,""incorrectAttempts"":0}","{""correctAttempts"":0,""incorrectAttempts"":0}","{""correctAttempts"":0,""incorrectAttempts"":0}","{""correctAttempts"":0,""incorrectAttempts"":0}",3,3,3,3,2,3,3,,,,,,,,dserdgim,,,,,1,0.0,1.0,1,otfe_dev,,1,,0.0,"{""correctAttempts"":0,""incorrectAttempts"":0}",3,3,3,,3,2,3,,,,,,,,,,,,,,,,,,,,,,1,1
2,e8dnd1nf,,0,0,29,,,,0,,,0.0,C-NoInfo,,,,,,0,0,,,,,1_3,,,,,,,,,,,,,,dserdgim,,,,,1,0.0,1.0,1,otfe_dev,,2,,0.0,,,,,,,,,,,,,,,,,,,,,,,,,,,,,,1,1
3,zn6uomec,,0,0,29,,,,0,,,0.0,T2-T,,,,,,0,0,,,,,1,,,,,,,,,,,,,,dserdgim,,,,,1,0.0,1.0,1,otfe_dev,,3,,0.0,,,,,,,,,,,,,,,,,,,,,,,,,,,,,,1,1
4,6cafl5ur,,0,0,29,,,,0,,,0.0,C-NoInfo,,,,,,0,0,,,,,3,,,,,,,,,,,,,,dserdgim,,,,,1,0.0,1.0,1,otfe_dev,,4,,0.0,,,,,,,,,,,,,,,,,,,,,,,,,,,,,,1,1
5,vdrpe0nx,,0,0,29,,,,0,,,0.0,T2-T,,,,,,0,0,,,,,1,,,,,,,,,,,,,,dserdgim,,,,,1,0.0,1.0,1,otfe_dev,,5,,0.0,,,,,,,,,,,,,,,,,,,,,,,,,,,,,,1,1
6,zfz9p78v,,0,0,29,,,,0,,,0.0,C-NoInfo,,,,,,0,0,,,,,1_3,,,,,,,,,,,,,,dserdgim,,,,,1,0.0,1.0,1,otfe_dev,,6,,0.0,,,,,,,,,,,,,,,,,,,,,,,,,,,,,,1,1
1,i4495el9,63d491645d1fc6159dcfa30a,0,29,29,otfe,Redirect,2025-02-09 00:09:47.405779,1,,,5.5,C-NoInfo,1739059797.5689042,1739063654.686107,1,Chrome 132,failed,0,0,"{""correctAttempts"":1,""incorrectAttempts"":0}","{""correctAttempts"":13,""incorrectAttempts"":1}","{""correctAttempts"":14,""incorrectAttempts"":0}","{""correctAttempts"":13,""incorrectAttempts"":1}",1_2,23,24,25,26,23,26,25,1,,10,10,9,9,zdsr8yhe,,,,,0,0.0,1.0,0,otfe,https://app.prolific.com/submissions/complete?cc=C1D231BT,1,,0.0,failed,23,24,25,25,23,26,26,2,2,2,3,3,5,3,,,3,4,3,3,4,4,4,,10,10,9,9,1,1
2,dxl2s4jg,5df3ee5d4f40fb2db2a6e870,0,29,29,otfe,Redirect,2025-02-09 00:12:31.287327,1,,,2.87,T2-T,1739059961.56976,1739062576.1295583,1,Chrome 126,passed,0,0,"{""correctAttempts"":6,""incorrectAttempts"":1}","{""correctAttempts"":19,""incorrectAttempts"":0}","{""correctAttempts"":3,""incorrectAttempts"":0}","{""correctAttempts"":20,""incorrectAttempts"":0}",3,25,25,100,25,25,100,90,0,,7,9,3,10,zdsr8yhe,,,,,0,0.0,1.0,0,otfe,https://app.prolific.com/submissions/complete?cc=C1D231BT,2,,0.0,passed,25,25,100,90,25,25,100,2,2,2,4,3,3,3,,,3,2,2,2,3,4,4,,7,9,3,10,1,1
3,3nhhskx8,5c365b5e8821900001b3876c,0,29,29,otfe,Redirect,2025-02-09 00:58:59.170441,1,,,4.16,C-NoInfo,1739062744.0181212,1739065195.1247172,1,Chrome 109,passed,0,0,"{""correctAttempts"":1,""incorrectAttempts"":0}","{""correctAttempts"":9,""incorrectAttempts"":3}","{""correctAttempts"":11,""incorrectAttempts"":1}","{""correctAttempts"":17,""incorrectAttempts"":1}",2_3,25,23,22,22,23,22,18,0,,10,10,10,10,zdsr8yhe,,,,,0,0.0,1.0,0,otfe,https://app.prolific.com/submissions/complete?cc=C1D231BT,3,,0.0,passed,25,23,22,18,23,22,22,2,2,2,4,3,3,3,,,1,3,3,3,3,3,3,,10,10,10,10,1,1
4,2ce5ayeu,58a53fd327c3bb00014e74e2,0,29,29,otfe,Redirect,2025-02-09 01:10:26.142477,1,,,1.65,T2-T,1739063476.0280533,1739065977.1951487,1,Chrome 132,passed,0,0,"{""correctAttempts"":1,""incorrectAttempts"":1}","{""correctAttempts"":5,""incorrectAttempts"":3}","{""correctAttempts"":5,""incorrectAttempts"":2}","{""correctAttempts"":9,""incorrectAttempts"":1}",3,26,85,50,25,25,80,30,0,It was an interesting study and I enjoyed engaging in it,10,10,10,10,zdsr8yhe,,,,,0,0.0,1.0,0,otfe,https://app.prolific.com/submissions/complete?cc=C1D231BT,4,,0.0,passed,26,85,50,30,25,25,80,2,2,2,5,5,1,4,,,4,3,2,2,3,3,3,It was an interesting study and I enjoyed engaging in it,10,10,10,10,1,1
5,n168navh,,0,0,29,,,,0,,,0.0,C-NoInfo,,,,,,0,0,,,,,1_2,,,,,,,,,,,,,,zdsr8yhe,,,,,0,0.0,1.0,0,otfe,https://app.prolific.com/submissions/complete?cc=C1D231BT,5,,0.0,,,,,,,,,,,,,,,,,,,,,,,,,,,,,,1,1
6,so6le8og,,0,0,29,,,,0,,,0.0,T2-T,,,,,,0,0,,,,,1,,,,,,,,,,,,,,zdsr8yhe,,,,,0,0.0,1.0,0,otfe,https://app.prolific.com/submissions/complete?cc=C1D231BT,6,,0.0,,,,,,,,,,,,,,,,,,,,,,,,,,,,,,1,1
7,wdwlatmf,,0,0,29,,,,0,,,0.0,C-NoInfo,,,,,,0,0,,,,,1_2,,,,,,,,,,,,,,zdsr8yhe,,,,,0,0.0,1.0,0,otfe,https://app.prolific.com/submissions/complete?cc=C1D231BT,7,,0.0,,,,,,,,,,,,,,,,,,,,,,,,,,,,,,1,1
8,slw5f20l,,0,0,29,,,,0,,,0.0,T2-T,,,,,,0,0,,,,,1,,,,,,,,,,,,,,zdsr8yhe,,,,,0,0.0,1.0,0,otfe,https://app.prolific.com/submissions/complete?cc=C1D231BT,8,,0.0,,,,,,,,,,,,,,,,,,,,,,,,,,,,,,1,1
9,ougu8bwz,,0,0,29,,,,0,,,0.0,C-NoInfo,,,,,,0,0,,,,,2_3,,,,,,,,,,,,,,zdsr8yhe,,,,,0,0.0,1.0,0,otfe,https://app.prolific.com/submissions/complete?cc=C1D231BT,9,,0.0,,,,,,,,,,,,,,,,,,,,,,,,,,,,,,1,1
10,zfxqj0j5,,0,0,29,,,,0,,,0.0,T2-T,,,,,,0,0,,,,,1_2,,,,,,,,,,,,,,zdsr8yhe,,,,,0,0.0,1.0,0,otfe,https://app.prolific.com/submissions/complete?cc=C1D231BT,10,,0.0,,,,,,,,,,,,,,,,,,,,,,,,,,,,,,1,1
11,ytpex8jg,,0,0,29,,,,0,,,0.0,C-NoInfo,,,,,,0,0,,,,,3,,,,,,,,,,,,,,zdsr8yhe,,,,,0,0.0,1.0,0,otfe,https://app.prolific.com/submissions/complete?cc=C1D231BT,11,,0.0,,,,,,,,,,,,,,,,,,,,,,,,,,,,,,1,1
12,0juw2ji8,,0,0,29,,,,0,,,0.0,T2-T,,,,,,0,0,,,,,1_2,,,,,,,,,,,,,,zdsr8yhe,,,,,0,0.0,1.0,0,otfe,https://app.prolific.com/submissions/complete?cc=C1D231BT,12,,0.0,,,,,,,,,,,,,,,,,,,,,,,,,,,,,,1,1
13,cwzn3gsb,,0,0,29,,,,0,,,0.0,C-NoInfo,,,,,,0,0,,,,,1_3,,,,,,,,,,,,,,zdsr8yhe,,,,,0,0.0,1.0,0,otfe,https://app.prolific.com/submissions/complete?cc=C1D231BT,13,,0.0,,,,,,,,,,,,,,,,,,,,,,,,,,,,,,1,1
14,ofv9841e,,0,0,29,,,,0,,,0.0,T2-T,,,,,,0,0,,,,,3,,,,,,,,,,,,,,zdsr8yhe,,,,,0,0.0,1.0,0,otfe,https://app.prolific.com/submissions/complete?cc=C1D231BT,14,,0.0,,,,,,,,,,,,,,,,,,,,,,,,,,,,,,1,1
15,uqcpwr7m,,0,0,29,,,,0,,,0.0,C-NoInfo,,,,,,0,0,,,,,1,,,,,,,,,,,,,,zdsr8yhe,,,,,0,0.0,1.0,0,otfe,https://app.prolific.com/submissions/complete?cc=C1D231BT,15,,0.0,,,,,,,,,,,,,,,,,,,,,,,,,,,,,,1,1
16,l2wcl6wy,,0,0,29,,,,0,,,0.0,T2-T,,,,,,0,0,,,,,1_3,,,,,,,,,,,,,,zdsr8yhe,,,,,0,0.0,1.0,0,otfe,https://app.prolific.com/submissions/complete?cc=C1D231BT,16,,0.0,,,,,,,,,,,,,,,,,,,,,,,,,,,,,,1,1
17,a87q8lbh,,0,0,29,,,,0,,,0.0,C-NoInfo,,,,,,0,0,,,,,1,,,,,,,,,,,,,,zdsr8yhe,,,,,0,0.0,1.0,0,otfe,https://app.prolific.com/submissions/complete?cc=C1D231BT,17,,0.0,,,,,,,,,,,,,,,,,,,,,,,,,,,,,,1,1
18,bgnocuk0,,0,0,29,,,,0,,,0.0,T2-T,,,,,,0,0,,,,,2_3,,,,,,,,,,,,,,zdsr8yhe,,,,,0,0.0,1.0,0,otfe,https://app.prolific.com/submissions/complete?cc=C1D231BT,18,,0.0,,,,,,,,,,,,,,,,,,,,,,,,,,,,,,1,1
19,plwn5dzp,,0,0,29,,,,0,,,0.0,C-NoInfo,,,,,,0,0,,,,,3,,,,,,,,,,,,,,zdsr8yhe,,,,,0,0.0,1.0,0,otfe,https://app.prolific.com/submissions/complete?cc=C1D231BT,19,,0.0,,,,,,,,,,,,,,,,,,,,,,,,,,,,,,1,1
20,03qw8el4,,0,0,29,,,,0,,,0.0,T2-T,,,,,,0,0,,,,,3,,,,,,,,,,,,,,zdsr8yhe,,,,,0,0.0,1.0,0,otfe,https://app.prolific.com/submissions/complete?cc=C1D231BT,20,,0.0,,,,,,,,,,,,,,,,,,,,,,,,,,,,,,1,1
21,mq3q86g0,,0,0,29,,,,0,,,0.0,C-NoInfo,,,,,,0,0,,,,,3,,,,,,,,,,,,,,zdsr8yhe,,,,,0,0.0,1.0,0,otfe,https://app.prolific.com/submissions/complete?cc=C1D231BT,21,,0.0,,,,,,,,,,,,,,,,,,,,,,,,,,,,,,1,1
22,nicsesgp,,0,0,29,,,,0,,,0.0,T2-T,,,,,,0,0,,,,,1_3,,,,,,,,,,,,,,zdsr8yhe,,,,,0,0.0,1.0,0,otfe,https://app.prolific.com/submissions/complete?cc=C1D231BT,22,,0.0,,,,,,,,,,,,,,,,,,,,,,,,,,,,,,1,1
23,v1v4ktop,,0,0,29,,,,0,,,0.0,C-NoInfo,,,,,,0,0,,,,,1_2,,,,,,,,,,,,,,zdsr8yhe,,,,,0,0.0,1.0,0,otfe,https://app.prolific.com/submissions/complete?cc=C1D231BT,23,,0.0,,,,,,,,,,,,,,,,,,,,,,,,,,,,,,1,1
24,hdwi55bs,,0,0,29,,,,0,,,0.0,T2-T,,,,,,0,0,,,,,2_3,,,,,,,,,,,,,,zdsr8yhe,,,,,0,0.0,1.0,0,otfe,https://app.prolific.com/submissions/complete?cc=C1D231BT,24,,0.0,,,,,,,,,,,,,,,,,,,,,,,,,,,,,,1,1
25,wfnmgvp9,,0,0,29,,,,0,,,0.0,C-NoInfo,,,,,,0,0,,,,,2_3,,,,,,,,,,,,,,zdsr8yhe,,,,,0,0.0,1.0,0,otfe,https://app.prolific.com/submissions/complete?cc=C1D231BT,25,,0.0,,,,,,,,,,,,,,,,,,,,,,,,,,,,,,1,1
26,cfzh8wrs,,0,0,29,,,,0,,,0.0,T2-T,,,,,,0,0,,,,,2_3,,,,,,,,,,,,,,zdsr8yhe,,,,,0,0.0,1.0,0,otfe,https://app.prolific.com/submissions/complete?cc=C1D231BT,26,,0.0,,,,,,,,,,,,,,,,,,,,,,,,,,,,,,1,1
27,i365zsom,,0,0,29,,,,0,,,0.0,C-NoInfo,,,,,,0,0,,,,,1_3,,,,,,,,,,,,,,zdsr8yhe,,,,,0,0.0,1.0,0,otfe,https://app.prolific.com/submissions/complete?cc=C1D231BT,27,,0.0,,,,,,,,,,,,,,,,,,,,,,,,,,,,,,1,1
28,idpe65r7,,0,0,29,,,,0,,,0.0,T2-T,,,,,,0,0,,,,,1_3,,,,,,,,,,,,,,zdsr8yhe,,,,,0,0.0,1.0,0,otfe,https://app.prolific.com/submissions/complete?cc=C1D231BT,28,,0.0,,,,,,,,,,,,,,,,,,,,,,,,,,,,,,1,1
29,wgiic38n,,0,0,29,,,,0,,,0.0,C-NoInfo,,,,,,0,0,,,,,1_3,,,,,,,,,,,,,,zdsr8yhe,,,,,0,0.0,1.0,0,otfe,https://app.prolific.com/submissions/complete?cc=C1D231BT,29,,0.0,,,,,,,,,,,,,,,,,,,,,,,,,,,,,,1,1
30,0rz01i3e,,0,0,29,,,,0,,,0.0,T2-T,,,,,,0,0,,,,,1_3,,,,,,,,,,,,,,zdsr8yhe,,,,,0,0.0,1.0,0,otfe,https://app.prolific.com/submissions/complete?cc=C1D231BT,30,,0.0,,,,,,,,,,,,,,,,,,,,,,,,,,,,,,1,1
31,bn1qwejh,,0,0,29,,,,0,,,0.0,C-NoInfo,,,,,,0,0,,,,,1,,,,,,,,,,,,,,zdsr8yhe,,,,,0,0.0,1.0,0,otfe,https://app.prolific.com/submissions/complete?cc=C1D231BT,31,,0.0,,,,,,,,,,,,,,,,,,,,,,,,,,,,,,1,1
32,i4bufwcn,,0,0,29,,,,0,,,0.0,T2-T,,,,,,0,0,,,,,1_3,,,,,,,,,,,,,,zdsr8yhe,,,,,0,0.0,1.0,0,otfe,https://app.prolific.com/submissions/complete?cc=C1D231BT,32,,0.0,,,,,,,,,,,,,,,,,,,,,,,,,,,,,,1,1
33,cgkeohwp,,0,0,29,,,,0,,,0.0,C-NoInfo,,,,,,0,0,,,,,1,,,,,,,,,,,,,,zdsr8yhe,,,,,0,0.0,1.0,0,otfe,https://app.prolific.com/submissions/complete?cc=C1D231BT,33,,0.0,,,,,,,,,,,,,,,,,,,,,,,,,,,,,,1,1
34,dfp7grtc,,0,0,29,,,,0,,,0.0,T2-T,,,,,,0,0,,,,,1,,,,,,,,,,,,,,zdsr8yhe,,,,,0,0.0,1.0,0,otfe,https://app.prolific.com/submissions/complete?cc=C1D231BT,34,,0.0,,,,,,,,,,,,,,,,,,,,,,,,,,,,,,1,1
35,de6vw8br,,0,0,29,,,,0,,,0.0,C-NoInfo,,,,,,0,0,,,,,2_3,,,,,,,,,,,,,,zdsr8yhe,,,,,0,0.0,1.0,0,otfe,https://app.prolific.com/submissions/complete?cc=C1D231BT,35,,0.0,,,,,,,,,,,,,,,,,,,,,,,,,,,,,,1,1
36,4r6v4y35,,0,0,29,,,,0,,,0.0,T2-T,,,,,,0,0,,,,,1_3,,,,,,,,,,,,,,zdsr8yhe,,,,,0,0.0,1.0,0,otfe,https://app.prolific.com/submissions/complete?cc=C1D231BT,36,,0.0,,,,,,,,,,,,,,,,,,,,,,,,,,,,,,1,1
37,vl9emv09,,0,0,29,,,,0,,,0.0,C-NoInfo,,,,,,0,0,,,,,2,,,,,,,,,,,,,,zdsr8yhe,,,,,0,0.0,1.0,0,otfe,https://app.prolific.com/submissions/complete?cc=C1D231BT,37,,0.0,,,,,,,,,,,,,,,,,,,,,,,,,,,,,,1,1
38,0w0bmmqp,,0,0,29,,,,0,,,0.0,T2-T,,,,,,0,0,,,,,3,,,,,,,,,,,,,,zdsr8yhe,,,,,0,0.0,1.0,0,otfe,https://app.prolific.com/submissions/complete?cc=C1D231BT,38,,0.0,,,,,,,,,,,,,,,,,,,,,,,,,,,,,,1,1
39,d03hfleu,,0,0,29,,,,0,,,0.0,C-NoInfo,,,,,,0,0,,,,,2,,,,,,,,,,,,,,zdsr8yhe,,,,,0,0.0,1.0,0,otfe,https://app.prolific.com/submissions/complete?cc=C1D231BT,39,,0.0,,,,,,,,,,,,,,,,,,,,,,,,,,,,,,1,1
40,zpuu74f5,,0,0,29,,,,0,,,0.0,T2-T,,,,,,0,0,,,,,2,,,,,,,,,,,,,,zdsr8yhe,,,,,0,0.0,1.0,0,otfe,https://app.prolific.com/submissions/complete?cc=C1D231BT,40,,0.0,,,,,,,,,,,,,,,,,,,,,,,,,,,,,,1,1
41,b0rrd3u9,,0,0,29,,,,0,,,0.0,C-NoInfo,,,,,,0,0,,,,,2_3,,,,,,,,,,,,,,zdsr8yhe,,,,,0,0.0,1.0,0,otfe,https://app.prolific.com/submissions/complete?cc=C1D231BT,41,,0.0,,,,,,,,,,,,,,,,,,,,,,,,,,,,,,1,1
42,sbrxiexj,,0,0,29,,,,0,,,0.0,T2-T,,,,,,0,0,,,,,2_3,,,,,,,,,,,,,,zdsr8yhe,,,,,0,0.0,1.0,0,otfe,https://app.prolific.com/submissions/complete?cc=C1D231BT,42,,0.0,,,,,,,,,,,,,,,,,,,,,,,,,,,,,,1,1
43,oltgvw2c,,0,0,29,,,,0,,,0.0,C-NoInfo,,,,,,0,0,,,,,1,,,,,,,,,,,,,,zdsr8yhe,,,,,0,0.0,1.0,0,otfe,https://app.prolific.com/submissions/complete?cc=C1D231BT,43,,0.0,,,,,,,,,,,,,,,,,,,,,,,,,,,,,,1,1
44,lq5xj8ar,,0,0,29,,,,0,,,0.0,T2-T,,,,,,0,0,,,,,1_3,,,,,,,,,,,,,,zdsr8yhe,,,,,0,0.0,1.0,0,otfe,https://app.prolific.com/submissions/complete?cc=C1D231BT,44,,0.0,,,,,,,,,,,,,,,,,,,,,,,,,,,,,,1,1
45,rx7uxolx,,0,0,29,,,,0,,,0.0,C-NoInfo,,,,,,0,0,,,,,2_3,,,,,,,,,,,,,,zdsr8yhe,,,,,0,0.0,1.0,0,otfe,https://app.prolific.com/submissions/complete?cc=C1D231BT,45,,0.0,,,,,,,,,,,,,,,,,,,,,,,,,,,,,,1,1
46,4rvce183,,0,0,29,,,,0,,,0.0,T2-T,,,,,,0,0,,,,,1_3,,,,,,,,,,,,,,zdsr8yhe,,,,,0,0.0,1.0,0,otfe,https://app.prolific.com/submissions/complete?cc=C1D231BT,46,,0.0,,,,,,,,,,,,,,,,,,,,,,,,,,,,,,1,1
47,v2cnb4ln,,0,0,29,,,,0,,,0.0,C-NoInfo,,,,,,0,0,,,,,2_3,,,,,,,,,,,,,,zdsr8yhe,,,,,0,0.0,1.0,0,otfe,https://app.prolific.com/submissions/complete?cc=C1D231BT,47,,0.0,,,,,,,,,,,,,,,,,,,,,,,,,,,,,,1,1
48,r10rulbr,,0,0,29,,,,0,,,0.0,T2-T,,,,,,0,0,,,,,2,,,,,,,,,,,,,,zdsr8yhe,,,,,0,0.0,1.0,0,otfe,https://app.prolific.com/submissions/complete?cc=C1D231BT,48,,0.0,,,,,,,,,,,,,,,,,,,,,,,,,,,,,,1,1
49,ctduy7a9,,0,0,29,,,,0,,,0.0,C-NoInfo,,,,,,0,0,,,,,1_2,,,,,,,,,,,,,,zdsr8yhe,,,,,0,0.0,1.0,0,otfe,https://app.prolific.com/submissions/complete?cc=C1D231BT,49,,0.0,,,,,,,,,,,,,,,,,,,,,,,,,,,,,,1,1
50,gs8yxvw8,,0,0,29,,,,0,,,0.0,T2-T,,,,,,0,0,,,,,1,,,,,,,,,,,,,,zdsr8yhe,,,,,0,0.0,1.0,0,otfe,https://app.prolific.com/submissions/complete?cc=C1D231BT,50,,0.0,,,,,,,,,,,,,,,,,,,,,,,,,,,,,,1,1
51,9yskk6iu,,0,0,29,,,,0,,,0.0,C-NoInfo,,,,,,0,0,,,,,1,,,,,,,,,,,,,,zdsr8yhe,,,,,0,0.0,1.0,0,otfe,https://app.prolific.com/submissions/complete?cc=C1D231BT,51,,0.0,,,,,,,,,,,,,,,,,,,,,,,,,,,,,,1,1
52,vrb43dhg,,0,0,29,,,,0,,,0.0,T2-T,,,,,,0,0,,,,,1_3,,,,,,,,,,,,,,zdsr8yhe,,,,,0,0.0,1.0,0,otfe,https://app.prolific.com/submissions/complete?cc=C1D231BT,52,,0.0,,,,,,,,,,,,,,,,,,,,,,,,,,,,,,1,1
53,sfzh34oa,,0,0,29,,,,0,,,0.0,C-NoInfo,,,,,,0,0,,,,,1_2,,,,,,,,,,,,,,zdsr8yhe,,,,,0,0.0,1.0,0,otfe,https://app.prolific.com/submissions/complete?cc=C1D231BT,53,,0.0,,,,,,,,,,,,,,,,,,,,,,,,,,,,,,1,1
54,cgmxeadq,,0,0,29,,,,0,,,0.0,T2-T,,,,,,0,0,,,,,1,,,,,,,,,,,,,,zdsr8yhe,,,,,0,0.0,1.0,0,otfe,https://app.prolific.com/submissions/complete?cc=C1D231BT,54,,0.0,,,,,,,,,,,,,,,,,,,,,,,,,,,,,,1,1
55,dhzp38f6,,0,0,29,,,,0,,,0.0,C-NoInfo,,,,,,0,0,,,,,1_2,,,,,,,,,,,,,,zdsr8yhe,,,,,0,0.0,1.0,0,otfe,https://app.prolific.com/submissions/complete?cc=C1D231BT,55,,0.0,,,,,,,,,,,,,,,,,,,,,,,,,,,,,,1,1
56,3pf4mtnh,,0,0,29,,,,0,,,0.0,T2-T,,,,,,0,0,,,,,1_2,,,,,,,,,,,,,,zdsr8yhe,,,,,0,0.0,1.0,0,otfe,https://app.prolific.com/submissions/complete?cc=C1D231BT,56,,0.0,,,,,,,,,,,,,,,,,,,,,,,,,,,,,,1,1
57,rc01tbv0,,0,0,29,,,,0,,,0.0,C-NoInfo,,,,,,0,0,,,,,2_3,,,,,,,,,,,,,,zdsr8yhe,,,,,0,0.0,1.0,0,otfe,https://app.prolific.com/submissions/complete?cc=C1D231BT,57,,0.0,,,,,,,,,,,,,,,,,,,,,,,,,,,,,,1,1
58,yajbdvy7,,0,0,29,,,,0,,,0.0,T2-T,,,,,,0,0,,,,,1,,,,,,,,,,,,,,zdsr8yhe,,,,,0,0.0,1.0,0,otfe,https://app.prolific.com/submissions/complete?cc=C1D231BT,58,,0.0,,,,,,,,,,,,,,,,,,,,,,,,,,,,,,1,1
59,d2sgxm0j,,0,0,29,,,,0,,,0.0,C-NoInfo,,,,,,0,0,,,,,2,,,,,,,,,,,,,,zdsr8yhe,,,,,0,0.0,1.0,0,otfe,https://app.prolific.com/submissions/complete?cc=C1D231BT,59,,0.0,,,,,,,,,,,,,,,,,,,,,,,,,,,,,,1,1
60,xih0cbqh,,0,0,29,,,,0,,,0.0,T2-T,,,,,,0,0,,,,,1_2,,,,,,,,,,,,,,zdsr8yhe,,,,,0,0.0,1.0,0,otfe,https://app.prolific.com/submissions/complete?cc=C1D231BT,60,,0.0,,,,,,,,,,,,,,,,,,,,,,,,,,,,,,1,1
61,x2jt5pq2,,0,0,29,,,,0,,,0.0,C-NoInfo,,,,,,0,0,,,,,2,,,,,,,,,,,,,,zdsr8yhe,,,,,0,0.0,1.0,0,otfe,https://app.prolific.com/submissions/complete?cc=C1D231BT,61,,0.0,,,,,,,,,,,,,,,,,,,,,,,,,,,,,,1,1
62,n4bf4y9m,,0,0,29,,,,0,,,0.0,T2-T,,,,,,0,0,,,,,2,,,,,,,,,,,,,,zdsr8yhe,,,,,0,0.0,1.0,0,otfe,https://app.prolific.com/submissions/complete?cc=C1D231BT,62,,0.0,,,,,,,,,,,,,,,,,,,,,,,,,,,,,,1,1
63,qlzgix0f,,0,0,29,,,,0,,,0.0,C-NoInfo,,,,,,0,0,,,,,3,,,,,,,,,,,,,,zdsr8yhe,,,,,0,0.0,1.0,0,otfe,https://app.prolific.com/submissions/complete?cc=C1D231BT,63,,0.0,,,,,,,,,,,,,,,,,,,,,,,,,,,,,,1,1
64,7nzkaa5h,,0,0,29,,,,0,,,0.0,T2-T,,,,,,0,0,,,,,2,,,,,,,,,,,,,,zdsr8yhe,,,,,0,0.0,1.0,0,otfe,https://app.prolific.com/submissions/complete?cc=C1D231BT,64,,0.0,,,,,,,,,,,,,,,,,,,,,,,,,,,,,,1,1
65,6uljszvw,,0,0,29,,,,0,,,0.0,C-NoInfo,,,,,,0,0,,,,,2,,,,,,,,,,,,,,zdsr8yhe,,,,,0,0.0,1.0,0,otfe,https://app.prolific.com/submissions/complete?cc=C1D231BT,65,,0.0,,,,,,,,,,,,,,,,,,,,,,,,,,,,,,1,1
66,b9p42xh2,,0,0,29,,,,0,,,0.0,T2-T,,,,,,0,0,,,,,2,,,,,,,,,,,,,,zdsr8yhe,,,,,0,0.0,1.0,0,otfe,https://app.prolific.com/submissions/complete?cc=C1D231BT,66,,0.0,,,,,,,,,,,,,,,,,,,,,,,,,,,,,,1,1
67,uyew83fe,,0,0,29,,,,0,,,0.0,C-NoInfo,,,,,,0,0,,,,,2,,,,,,,,,,,,,,zdsr8yhe,,,,,0,0.0,1.0,0,otfe,https://app.prolific.com/submissions/complete?cc=C1D231BT,67,,0.0,,,,,,,,,,,,,,,,,,,,,,,,,,,,,,1,1
68,ifpdsg6u,,0,0,29,,,,0,,,0.0,T2-T,,,,,,0,0,,,,,1_3,,,,,,,,,,,,,,zdsr8yhe,,,,,0,0.0,1.0,0,otfe,https://app.prolific.com/submissions/complete?cc=C1D231BT,68,,0.0,,,,,,,,,,,,,,,,,,,,,,,,,,,,,,1,1
69,lc5cyji4,,0,0,29,,,,0,,,0.0,C-NoInfo,,,,,,0,0,,,,,1_3,,,,,,,,,,,,,,zdsr8yhe,,,,,0,0.0,1.0,0,otfe,https://app.prolific.com/submissions/complete?cc=C1D231BT,69,,0.0,,,,,,,,,,,,,,,,,,,,,,,,,,,,,,1,1
70,wtwltiep,,0,0,29,,,,0,,,0.0,T2-T,,,,,,0,0,,,,,1_2,,,,,,,,,,,,,,zdsr8yhe,,,,,0,0.0,1.0,0,otfe,https://app.prolific.com/submissions/complete?cc=C1D231BT,70,,0.0,,,,,,,,,,,,,,,,,,,,,,,,,,,,,,1,1
71,wkn1qq5u,,0,0,29,,,,0,,,0.0,C-NoInfo,,,,,,0,0,,,,,1_3,,,,,,,,,,,,,,zdsr8yhe,,,,,0,0.0,1.0,0,otfe,https://app.prolific.com/submissions/complete?cc=C1D231BT,71,,0.0,,,,,,,,,,,,,,,,,,,,,,,,,,,,,,1,1
72,cepeiokr,,0,0,29,,,,0,,,0.0,T2-T,,,,,,0,0,,,,,2,,,,,,,,,,,,,,zdsr8yhe,,,,,0,0.0,1.0,0,otfe,https://app.prolific.com/submissions/complete?cc=C1D231BT,72,,0.0,,,,,,,,,,,,,,,,,,,,,,,,,,,,,,1,1
73,lcfrhopn,,0,0,29,,,,0,,,0.0,C-NoInfo,,,,,,0,0,,,,,2_3,,,,,,,,,,,,,,zdsr8yhe,,,,,0,0.0,1.0,0,otfe,https://app.prolific.com/submissions/complete?cc=C1D231BT,73,,0.0,,,,,,,,,,,,,,,,,,,,,,,,,,,,,,1,1
74,ic1q3h8r,,0,0,29,,,,0,,,0.0,T2-T,,,,,,0,0,,,,,1_3,,,,,,,,,,,,,,zdsr8yhe,,,,,0,0.0,1.0,0,otfe,https://app.prolific.com/submissions/complete?cc=C1D231BT,74,,0.0,,,,,,,,,,,,,,,,,,,,,,,,,,,,,,1,1
75,4r869l2t,,0,0,29,,,,0,,,0.0,C-NoInfo,,,,,,0,0,,,,,1,,,,,,,,,,,,,,zdsr8yhe,,,,,0,0.0,1.0,0,otfe,https://app.prolific.com/submissions/complete?cc=C1D231BT,75,,0.0,,,,,,,,,,,,,,,,,,,,,,,,,,,,,,1,1
76,1lnhu7nr,,0,0,29,,,,0,,,0.0,T2-T,,,,,,0,0,,,,,3,,,,,,,,,,,,,,zdsr8yhe,,,,,0,0.0,1.0,0,otfe,https://app.prolific.com/submissions/complete?cc=C1D231BT,76,,0.0,,,,,,,,,,,,,,,,,,,,,,,,,,,,,,1,1
77,q8p2gmx9,,0,0,29,,,,0,,,0.0,C-NoInfo,,,,,,0,0,,,,,1_3,,,,,,,,,,,,,,zdsr8yhe,,,,,0,0.0,1.0,0,otfe,https://app.prolific.com/submissions/complete?cc=C1D231BT,77,,0.0,,,,,,,,,,,,,,,,,,,,,,,,,,,,,,1,1
78,y70r2ws3,,0,0,29,,,,0,,,0.0,T2-T,,,,,,0,0,,,,,1_3,,,,,,,,,,,,,,zdsr8yhe,,,,,0,0.0,1.0,0,otfe,https://app.prolific.com/submissions/complete?cc=C1D231BT,78,,0.0,,,,,,,,,,,,,,,,,,,,,,,,,,,,,,1,1
79,hs6636tt,,0,0,29,,,,0,,,0.0,C-NoInfo,,,,,,0,0,,,,,1_3,,,,,,,,,,,,,,zdsr8yhe,,,,,0,0.0,1.0,0,otfe,https://app.prolific.com/submissions/complete?cc=C1D231BT,79,,0.0,,,,,,,,,,,,,,,,,,,,,,,,,,,,,,1,1
80,f74n28xw,,0,0,29,,,,0,,,0.0,T2-T,,,,,,0,0,,,,,2_3,,,,,,,,,,,,,,zdsr8yhe,,,,,0,0.0,1.0,0,otfe,https://app.prolific.com/submissions/complete?cc=C1D231BT,80,,0.0,,,,,,,,,,,,,,,,,,,,,,,,,,,,,,1,1
81,44z5mx7b,,0,0,29,,,,0,,,0.0,C-NoInfo,,,,,,0,0,,,,,1_3,,,,,,,,,,,,,,zdsr8yhe,,,,,0,0.0,1.0,0,otfe,https://app.prolific.com/submissions/complete?cc=C1D231BT,81,,0.0,,,,,,,,,,,,,,,,,,,,,,,,,,,,,,1,1
82,w97uz4uu,,0,0,29,,,,0,,,0.0,T2-T,,,,,,0,0,,,,,2,,,,,,,,,,,,,,zdsr8yhe,,,,,0,0.0,1.0,0,otfe,https://app.prolific.com/submissions/complete?cc=C1D231BT,82,,0.0,,,,,,,,,,,,,,,,,,,,,,,,,,,,,,1,1
83,y2ijk2fb,,0,0,29,,,,0,,,0.0,C-NoInfo,,,,,,0,0,,,,,3,,,,,,,,,,,,,,zdsr8yhe,,,,,0,0.0,1.0,0,otfe,https://app.prolific.com/submissions/complete?cc=C1D231BT,83,,0.0,,,,,,,,,,,,,,,,,,,,,,,,,,,,,,1,1
84,bj8xyzap,,0,0,29,,,,0,,,0.0,T2-T,,,,,,0,0,,,,,2_3,,,,,,,,,,,,,,zdsr8yhe,,,,,0,0.0,1.0,0,otfe,https://app.prolific.com/submissions/complete?cc=C1D231BT,84,,0.0,,,,,,,,,,,,,,,,,,,,,,,,,,,,,,1,1
85,erh30elz,,0,0,29,,,,0,,,0.0,C-NoInfo,,,,,,0,0,,,,,1,,,,,,,,,,,,,,zdsr8yhe,,,,,0,0.0,1.0,0,otfe,https://app.prolific.com/submissions/complete?cc=C1D231BT,85,,0.0,,,,,,,,,,,,,,,,,,,,,,,,,,,,,,1,1
86,17vnj8xn,,0,0,29,,,,0,,,0.0,T2-T,,,,,,0,0,,,,,3,,,,,,,,,,,,,,zdsr8yhe,,,,,0,0.0,1.0,0,otfe,https://app.prolific.com/submissions/complete?cc=C1D231BT,86,,0.0,,,,,,,,,,,,,,,,,,,,,,,,,,,,,,1,1
87,0un34bnb,,0,0,29,,,,0,,,0.0,C-NoInfo,,,,,,0,0,,,,,1,,,,,,,,,,,,,,zdsr8yhe,,,,,0,0.0,1.0,0,otfe,https://app.prolific.com/submissions/complete?cc=C1D231BT,87,,0.0,,,,,,,,,,,,,,,,,,,,,,,,,,,,,,1,1
88,4mbaz3w1,,0,0,29,,,,0,,,0.0,T2-T,,,,,,0,0,,,,,2_3,,,,,,,,,,,,,,zdsr8yhe,,,,,0,0.0,1.0,0,otfe,https://app.prolific.com/submissions/complete?cc=C1D231BT,88,,0.0,,,,,,,,,,,,,,,,,,,,,,,,,,,,,,1,1
89,y33rduhy,,0,0,29,,,,0,,,0.0,C-NoInfo,,,,,,0,0,,,,,2,,,,,,,,,,,,,,zdsr8yhe,,,,,0,0.0,1.0,0,otfe,https://app.prolific.com/submissions/complete?cc=C1D231BT,89,,0.0,,,,,,,,,,,,,,,,,,,,,,,,,,,,,,1,1
90,tra32wl6,,0,0,29,,,,0,,,0.0,T2-T,,,,,,0,0,,,,,1_3,,,,,,,,,,,,,,zdsr8yhe,,,,,0,0.0,1.0,0,otfe,https://app.prolific.com/submissions/complete?cc=C1D231BT,90,,0.0,,,,,,,,,,,,,,,,,,,,,,,,,,,,,,1,1
91,vij7yrsz,,0,0,29,,,,0,,,0.0,C-NoInfo,,,,,,0,0,,,,,2,,,,,,,,,,,,,,zdsr8yhe,,,,,0,0.0,1.0,0,otfe,https://app.prolific.com/submissions/complete?cc=C1D231BT,91,,0.0,,,,,,,,,,,,,,,,,,,,,,,,,,,,,,1,1
92,5qif26s0,,0,0,29,,,,0,,,0.0,T2-T,,,,,,0,0,,,,,1_3,,,,,,,,,,,,,,zdsr8yhe,,,,,0,0.0,1.0,0,otfe,https://app.prolific.com/submissions/complete?cc=C1D231BT,92,,0.0,,,,,,,,,,,,,,,,,,,,,,,,,,,,,,1,1
93,cqclq55z,,0,0,29,,,,0,,,0.0,C-NoInfo,,,,,,0,0,,,,,2_3,,,,,,,,,,,,,,zdsr8yhe,,,,,0,0.0,1.0,0,otfe,https://app.prolific.com/submissions/complete?cc=C1D231BT,93,,0.0,,,,,,,,,,,,,,,,,,,,,,,,,,,,,,1,1
94,n8i7d7om,,0,0,29,,,,0,,,0.0,T2-T,,,,,,0,0,,,,,1_2,,,,,,,,,,,,,,zdsr8yhe,,,,,0,0.0,1.0,0,otfe,https://app.prolific.com/submissions/complete?cc=C1D231BT,94,,0.0,,,,,,,,,,,,,,,,,,,,,,,,,,,,,,1,1
95,1mo9t9xi,,0,0,29,,,,0,,,0.0,C-NoInfo,,,,,,0,0,,,,,2_3,,,,,,,,,,,,,,zdsr8yhe,,,,,0,0.0,1.0,0,otfe,https://app.prolific.com/submissions/complete?cc=C1D231BT,95,,0.0,,,,,,,,,,,,,,,,,,,,,,,,,,,,,,1,1
96,tkfiwd9o,,0,0,29,,,,0,,,0.0,T2-T,,,,,,0,0,,,,,2,,,,,,,,,,,,,,zdsr8yhe,,,,,0,0.0,1.0,0,otfe,https://app.prolific.com/submissions/complete?cc=C1D231BT,96,,0.0,,,,,,,,,,,,,,,,,,,,,,,,,,,,,,1,1
97,x6bomap7,,0,0,29,,,,0,,,0.0,C-NoInfo,,,,,,0,0,,,,,2,,,,,,,,,,,,,,zdsr8yhe,,,,,0,0.0,1.0,0,otfe,https://app.prolific.com/submissions/complete?cc=C1D231BT,97,,0.0,,,,,,,,,,,,,,,,,,,,,,,,,,,,,,1,1
98,xapa1rbh,,0,0,29,,,,0,,,0.0,T2-T,,,,,,0,0,,,,,1,,,,,,,,,,,,,,zdsr8yhe,,,,,0,0.0,1.0,0,otfe,https://app.prolific.com/submissions/complete?cc=C1D231BT,98,,0.0,,,,,,,,,,,,,,,,,,,,,,,,,,,,,,1,1
99,37qbsksk,,0,0,29,,,,0,,,0.0,C-NoInfo,,,,,,0,0,,,,,1_2,,,,,,,,,,,,,,zdsr8yhe,,,,,0,0.0,1.0,0,otfe,https://app.prolific.com/submissions/complete?cc=C1D231BT,99,,0.0,,,,,,,,,,,,,,,,,,,,,,,,,,,,,,1,1
100,xq5slxv0,,0,0,29,,,,0,,,0.0,T2-T,,,,,,0,0,,,,,3,,,,,,,,,,,,,,zdsr8yhe,,,,,0,0.0,1.0,0,otfe,https://app.prolific.com/submissions/complete?cc=C1D231BT,100,,0.0,,,,,,,,,,,,,,,,,,,,,,,,,,,,,,1,1
